<application>
  <component name="com.intellij.ide.ui.customization.CustomActionsSchema">
    <group value="Vcs.Operations.Popup" is_group="true" forse_popup="false" action_type="-1" position="21">
      <path value="root" />
      <option name="myInitialPosition" value="-1" />
    </group>
    <group value="Vcs.Log.Toolbar.RightCorner" is_group="true" forse_popup="false" action_type="-1" position="20">
      <path value="root" />
      <option name="myInitialPosition" value="-1" />
    </group>
    <group value="Vcs.Log.ChangesBrowser.Toolbar" is_group="true" forse_popup="false" action_type="-1" position="19">
      <path value="root" />
      <option name="myInitialPosition" value="-1" />
    </group>
    <group value="ChangesViewToolbar" is_group="true" forse_popup="false" action_type="-1" position="18">
      <path value="root" />
      <option name="myInitialPosition" value="-1" />
    </group>
    <group value="RunTab.TopToolbar" is_group="true" forse_popup="false" action_type="-1" position="17">
      <path value="root" />
      <option name="myInitialPosition" value="-1" />
    </group>
    <group value="RunTab.TopToolbar.More" is_group="true" forse_popup="false" action_type="-1" position="16">
      <path value="root" />
      <option name="myInitialPosition" value="-1" />
    </group>
    <group value="Markdown.Toolbar.Floating" is_group="true" forse_popup="false" action_type="-1" position="15">
      <path value="root" />
      <option name="myInitialPosition" value="-1" />
    </group>
    <group value="Vcs.FileHistory.Toolbar" is_group="true" forse_popup="false" action_type="-1" position="14">
      <path value="root" />
      <option name="myInitialPosition" value="-1" />
    </group>
    <group value="XDebugger.Watches.Tree.Toolbar" is_group="true" forse_popup="false" action_type="-1" position="13">
      <path value="root" />
      <option name="myInitialPosition" value="-1" />
    </group>
    <group value="XDebugger.ToolWindow.TopToolbar3" is_group="true" forse_popup="false" action_type="-1" position="12">
      <path value="root" />
      <option name="myInitialPosition" value="-1" />
    </group>
    <group value="XDebugger.ToolWindow.TopToolbar3.Extra" is_group="true" forse_popup="false" action_type="-1" position="11">
      <path value="root" />
      <option name="myInitialPosition" value="-1" />
    </group>
    <group value="NavBarToolBar" is_group="true" forse_popup="false" action_type="-1" position="10">
      <path value="root" />
      <option name="myInitialPosition" value="-1" />
    </group>
    <group value="NavbarPopupMenu" is_group="true" forse_popup="false" action_type="-1" position="9">
      <path value="root" />
      <option name="myInitialPosition" value="-1" />
    </group>
    <group value="ScopeViewPopupMenu" is_group="true" forse_popup="false" action_type="-1" position="8">
      <path value="root" />
      <option name="myInitialPosition" value="-1" />
    </group>
    <group value="AtomFileIcons.Actions" is_group="true" forse_popup="false" action_type="-1" position="8">
      <path value="root" />
      <path value="Main Toolbar Right" />
      <option name="myInitialPosition" value="-1" />
    </group>
    <group value="ProjectViewPopupMenu" is_group="true" forse_popup="false" action_type="-1" position="7">
      <path value="root" />
      <option name="myInitialPosition" value="-1" />
    </group>
    <group value="EditorTabPopupMenu" is_group="true" forse_popup="false" action_type="-1" position="6">
      <path value="root" />
      <option name="myInitialPosition" value="-1" />
    </group>
    <group value="MaterialTheme.Menu" is_group="true" forse_popup="false" action_type="-1" position="6">
      <path value="root" />
      <path value="Main Toolbar Right" />
      <option name="myInitialPosition" value="-1" />
    </group>
    <group value="EditorGutterPopupMenu" is_group="true" forse_popup="false" action_type="-1" position="5">
      <path value="root" />
      <option name="myInitialPosition" value="-1" />
    </group>
    <group value="EditorPopupMenu" is_group="true" forse_popup="false" action_type="-1" position="4">
      <path value="root" />
      <option name="myInitialPosition" value="-1" />
    </group>
    <group value="SearchEverywhere" is_action="true" action_type="-1" position="4">
      <path value="root" />
      <path value="Main Toolbar Right" />
      <option name="myInitialPosition" value="-1" />
    </group>
    <group value="CodeWithMeToolbarGroupNewUi" is_group="true" forse_popup="false" action_type="-1" position="3">
      <path value="root" />
      <path value="Main Toolbar Right" />
      <option name="myInitialPosition" value="-1" />
    </group>
    <group value="MainToolbarCenter" is_group="true" forse_popup="false" action_type="-1" position="2">
      <path value="root" />
      <option name="myInitialPosition" value="-1" />
    </group>
    <group value="StopWithDropDown" is_action="true" action_type="-1" position="2">
      <path value="root" />
      <path value="Main Toolbar Right" />
      <option name="myInitialPosition" value="-1" />
    </group>
    <group value="MainToolbarLeft" is_group="true" forse_popup="false" action_type="-1" position="1">
      <path value="root" />
      <option name="myInitialPosition" value="-1" />
    </group>
    <group value="NewUiRunWidget" is_action="true" action_type="-1" position="1">
      <path value="root" />
      <path value="Main Toolbar Right" />
      <option name="myInitialPosition" value="-1" />
    </group>
    <group value="MainMenu" is_group="true" forse_popup="false" action_type="-1" position="0">
      <path value="root" />
      <option name="myInitialPosition" value="-1" />
    </group>
    <group value="ExecutionTargetsToolbarGroup" is_group="true" forse_popup="false" action_type="-1" position="0">
      <path value="root" />
      <path value="Main Toolbar Right" />
      <option name="myInitialPosition" value="-1" />
    </group>
    <group value="VimPluginToggle" is_action="true" action_type="1" position="2">
      <path value="root" />
      <path value="Main Toolbar Right" />
      <option name="myInitialPosition" value="-1" />
    </group>
    <action id="VimPluginToggle" icon="jar:file:/home/alexander/.local/share/JetBrains/Toolbox/apps/WebStorm/ch-1/231.8109.93.plugins/Atom%20Material%20Icons/lib/common.jar!/icons/actions/edit.svg" />
  </component>
</application>