<application>
  <component name="FileTypeManager" version="18">
    <extensionMap>
      <mapping pattern="mixins/RedrawsSnaps" type="AUTO_DETECTED" />
      <mapping pattern="Scale.js" type="AUTO_DETECTED" />
      <mapping pattern="SpecialOrder" type="AUTO_DETECTED" />
      <mapping pattern="app/" type="PLAIN_TEXT" />
      <mapping pattern="DispatchesEvents" type="PLAIN_TEXT" />
      <mapping pattern="resource-tools/ActionsOnModel" type="PLAIN_TEXT" />
      <mapping pattern="DockerfilePHP" type="PLAIN_TEXT" />
      <mapping pattern="RateLimited" type="PLAIN_TEXT" />
      <mapping pattern="DateFilter" type="PLAIN_TEXT" />
      <mapping pattern="test" type="PLAIN_TEXT" />
      <mapping pattern="UserInsights" type="PLAIN_TEXT" />
      <mapping pattern="useDebouncedRef" type="PLAIN_TEXT" />
      <mapping pattern="Wall/Default" type="PLAIN_TEXT" />
      <mapping pattern="NewOrders" type="PLAIN_TEXT" />
      <mapping ext="cnf" type="PLAIN_TEXT" />
      <mapping ext="xlsb" type="PLAIN_TEXT" />
      <mapping ext="blade" type="PLAIN_TEXT" />
      <mapping ext="stub" type="PLAIN_TEXT" />
      <mapping ext="storagedata" type="TypeScript JSX" />
      <mapping pattern="CustomDashboardHeader" type="Vue.js" />
      <removed_mapping ext="csv" approved="true" type="CSV/TSV" />
      <removed_mapping ext="dockerignore" approved="true" type="DockerIgnore file" />
      <removed_mapping ext="ignore" approved="true" type="IgnoreLang file" />
      <removed_mapping ext="stub" approved="true" type="PHP" />
      <removed_mapping ext="tsv" approved="true" type="CSV/TSV" />
      <removed_mapping ext="xls" approved="true" type="Native" />
      <removed_mapping ext="xlsx" approved="true" type="Native" />
      <removed_mapping pattern=".prettierrc" approved="true" type="JSON" />
    </extensionMap>
  </component>
</application>