<application>
  <component name="GeneralSettings">
    <option name="showTipsOnStartup" value="false" />
    <option name="confirmExit" value="false" />
    <option name="confirmOpenNewProject2" value="-1" />
  </component>
  <component name="Registry">
    <entry key="ide.balloon.shadow.size" value="0" />
    <entry key="ide.editor.tab.selection.animation" value="true" />
    <entry key="ide.new.editor.tabs.vertical.borders" value="true" />
    <entry key="editor.focus.mode.color.light" value="777777" />
    <entry key="editor.focus.mode.color.dark" value="777777" />
  </component>
  <component name="StatusBar">
    <option name="widgets">
      <map>
        <entry key="CwmWireStatsWidgetFactory" value="false" />
        <entry key="Memory" value="true" />
        <entry key="Notifications" value="false" />
        <entry key="git" value="true" />
        <entry key="mtProjectFactory" value="false" />
        <entry key="mtThemeFactory" value="false" />
        <entry key="php.debug.status.widget" value="false" />
        <entry key="webDeployment.default.server.widget" value="false" />
      </map>
    </option>
  </component>
</application>